{
  "mean": {
    "k": 1.8325427179108758,
    "alpha": 6.397886507126112,
    "omega0": 20.33344269285673,
    "xi": 0.32228070966464206
  },
  "std": {
    "k": 0.05452415566712907,
    "alpha": 0.6666953729242284,
    "omega0": 0.24096018509404785,
    "xi": 0.004814489881951539
  }
}