{
  "mean": {
    "k": 2.058005415854208,
    "alpha": 5.3474671374767775,
    "omega0": 19.617938504291086,
    "xi": 0.12045038963419386
  }
}